-- INSERT 15 FILMS
insert into films(nomFilm, categories, realisateur, synopsis, acteurs) values('Avatar', 'Sci-fi', 'Steven Spielberg', 'Sur le monde extraterrestre luxuriant de Pandora vivent les Na vi, des êtres qui semblent primitifs, mais qui sont très évolués. Jake Sully, un ancien Marine paralysé, redevient mobile grâce à un tel Avatar et tombe amoureux d une femme Na vi. Alors qu un lien avec elle grandit, il est entraîné dans une bataille pour la survie de son monde.', 'Sam Worthington,Zoe Saldana,Sigourney Weaver,Stephen Lang,Michelle Rodríguez');
insert into films(nomFilm, categories, realisateur, synopsis, acteurs) values('Top Gun : Maverick', 'Action', 'Anthony et Joe Russo', 'Pilote de chasse de la Marine américaine depuis trente ans, Pete « Maverick » Mitchell est rappelé par son ancien ami Tom « Iceman » Kazansky, afin de former les meilleures recrues diplômés de l école Top Gun. Parmi elles, se trouve le fils de son ami disparu. Face à cette nouvelle mission de haut vol, Maverick va devoir affronter ses vieux démons.', 'Tom Cruise,Miles Teller,Jennifer Connelly,Jon Hamm');
insert into films(nomFilm, categories, realisateur, synopsis, acteurs) values('ça', 'Horreur', 'Peter Jackson', 'À Derry, dans le Maine, sept adolescents ayant du mal à s intégrer se sont regroupés au sein du « Club des Ratés ». Rejetés par leurs camarades, ils sont les cibles favorites des gros durs de l école. Ils ont aussi en commun le fait d avoir éprouvé leur plus grande terreur face à un terrible prédateur métamorphe qu ils appellent « Ça ». Car depuis toujours, Derry est en proie à une créature qui émerge des égouts tous les 27 ans pour se nourrir des terreurs de ses victimes de choix : les enfants. Bien décidés à rester soudés, les Ratés tentent de surmonter leurs peurs pour enrayer un nouveau cycle meurtrier. Un cycle qui a commencé un jour de pluie lorsqu un petit garçon poursuivant son bateau en papier s est retrouvé face-à-face avec un clown répondant au nom de Grippe-Sou... ', 'Jaeden Lieberher,Finn Wolfhard,Sophia Lillis,Jack Dylan Grazer,Bill Skarsgård');
insert into films(nomFilm, categories, realisateur, synopsis, acteurs) values('Charlie et la chocolaterie', 'Fantaisiste', 'Michael Bay', 'Charlie Bucket est un petit garçon vivant avec ses parents et ses quatre grands-parents dans une frêle maison en bois, non loin d une immense chocolaterie dirigée par Willy Wonka, auquel la famille voue une grande admiration. Wonka prit la décision il y a fort longtemps de fermer à jamais la chocolaterie à tout visiteur à la suite de nombreux espionnages dans le but de lui voler ses recettes, ce qui l amena également à licencier tous ses employés, dont Joe, le grand-père de Charlie.', 'Johnny Depp,Freddie Highmore,David Kelly,AnnaSophia Robb,Deep Roy');
insert into films(nomFilm, categories, realisateur, synopsis, acteurs) values('Le loup de Wall Street', 'Comédie', 'James Cameron', 'Dans les années 1980, Jordan Belfort commence à travailler en tant que courtier en bourse, dans une entreprise nommée LF Rothschild, à Wall Street. Il rencontre Mark Hanna, qui le prend sous son aile. Ce dernier lui donne sa vision du métier. Le 19 octobre 1987, alors que Jordan vient d obtenir sa licence de courtier, l entreprise fait faillite à la suite du krach boursier, et Jordan est licencié.', 'Leonardo DiCaprio,Jonah Hill,Margot Robbie,Kyle Chandler,Rob Reiner');
insert into films(nomFilm, categories, realisateur, synopsis, acteurs) values('Forest Gump', 'Comédie', ' 	David Yates', 'Le film débute en 1981 par une scène où une plume d oiseau, volant dans les airs, atterrit aux pieds de Forrest Gump, un homme simple d esprita. Assis sur un banc dans la ville de Savannah en Géorgie, Forrest attend l autobus. Au fil des différents interlocuteurs qui viendront s’asseoir à tour de rôle à côté de lui, Forrest va leur raconter la fabuleuse et trépidante histoire de sa vie.', 'Tom Hanks,Robin Wright,Gary Sinise,Mykelti Williamson,Sally Field');
insert into films(nomFilm, categories, realisateur, synopsis, acteurs) values('La ligne verte', 'Drama', 'Christopher Nolan', 'En 1996, le vieux Paul Edgecomb, un ancien gardien-chef d un pénitencier en Louisiane dans les années 1930, entreprend d écrire ses mémoires. Il revient sur l affaire John Coffey — ce grand Noir au regard absent, condamné à mort pour le viol et le meurtre, en mai 1935, de deux fillettes — qui défraya la chronique de l époque.', 'Tom Hanks,Michael Clarke Duncan');
insert into films(nomFilm, categories, realisateur, synopsis, acteurs) values('Batman vs Superman', 'Action', 'J. J. Abrams', 'Enfant, Bruce Wayne fuit l enterrement de ses parents (un flash-back montre leur assassinat par un inconnu), puis tombe dans la caverne où une nuée de chauve-souris lui inspire son identité de héros. Des dizaines d années plus tard, alors que Superman affronte le général Zod pour sauver Metropolis (événements vus dans le film Man of Steel), Bruce tente de secourir des employés de Wayne Enterprises pris au piège dans un gratte-ciel alors que le vaisseau kryptonien survolant la ville provoque d importants dégâts collatéraux.', 'Henry Cavill,Ben Affleck,Jesse Eisenberg,Amy Adams,Gal Gadot');
insert into films(nomFilm, categories, realisateur, synopsis, acteurs) values('The Batman', 'Action', 'Tim Burton', 'Lorsqu un tueur s en prend à l élite de Gotham par une série de machinations sadiques, une piste d indices cryptiques envoie Bruce Wayne alias Batman sur une enquête dans la pègre, où il rencontre des personnages tels que Selina Kyle, alias Catwoman, Oswald Cobblepot alias le Pingouin et le parrain de la mafia Carmine Falcone.', 'Robert Pattinson,Zoë Kravitz,Paul Dano,Colin Farrell,Jeffrey Wright');
insert into films(nomFilm, categories, realisateur, synopsis, acteurs) values('Ted', 'Comédie', 'Ridley Scott', 'En 1985, John Bennet est un garçon solitaire de huit ans. Le soir de Noël, il fait le vœu que son ours en peluche qu il vient de recevoir à Noël prenne vie et qu il soit son meilleur ami pour la vie, son vœu sera exaucé par magie, l ours Ted (traduction de « Teddy bear ») prend vie et cette histoire devient célèbre. 27 ans plus tard, en 2012, Ted et John vivent toujours ensemble, mais la présence de l ours empiète sur la vie de couple de John, depuis quatre ans avec Lori. En effet, John et son ours se comportent comme de grands enfants, passant leur temps à boire des bières et fumer de la drogue devant des navets, leur préféré étant Flash Gordon.', 'Mark Wahlberg,Mila Kunis,Seth MacFarlane');
insert into films(nomFilm, categories, realisateur, synopsis, acteurs) values('The Wire', 'Action', 'Anthony et Joe Russo', 'À Baltimore, le trafic de drogue est omniprésent et au centre de toutes les attentions : de la police à la rue, en passant par la mairie, le port, l école ou encore le journal local. À la suite du meurtre d un témoin à charge contre un des barons de la drogue de la ville, une unité spéciale, formée d inspecteurs de la police judiciaire et de la police criminelle, se lance dans une vaste enquête.', 'Paul Ben-Victor,Clarke Peters,Aidan Gillen,Robert Wisdom,Domenick Lombardozzi');
insert into films(nomFilm, categories, realisateur, synopsis, acteurs) values('Je suis une légende', 'Apocalyptique', 'Anthony et Joe Russo', 'En 2009, la docteure Alice Krippin trouve ce qui semblerait être un vaccin contre le cancer parfaitement efficace. Cependant, la joie est de courte durée, car, à la suite d une erreur humaine, le vaccin, en réalité corrompu, quitte le lieu clos du laboratoire et se diffuse sur la Terre (pandémie), tuant les humains les moins résistants et faisant muter les autres, les transformant en « infectés ». L évacuation des survivants est un échec, personne ne trouvant de remède au nouveau virus qui décime l humanité.', 'Will Smith,Salli Richardson-Whitfield,Alice Braga,Willow Smith');
insert into films(nomFilm, categories, realisateur, synopsis, acteurs) values('Lucy', 'Apocalyptique', 'J. J. Abrams', 'Lucy Miller est une jeune femme vivant à Taipei (Taiwan). Prise dans un guet-apens par la mafia coréenne, elle est contrainte de faire la « mule » pour des trafiquants de drogue qui insèrent un paquet de poudre bleue dans son ventre, le CPH4, produit de synthèse expérimental. Elle est ensuite enfermée et violentée dans une cellule, son agresseur la renverse à terre d un coup de poing au visage puis lui donne des coups de pied à l abdomen, ce qui déchire le paquet.', 'Scarlett Johansson,Morgan Freeman,Choi Min-sik,Amr Waked,Pilou Asbæk');
insert into films(nomFilm, categories, realisateur, synopsis, acteurs) values('Parasite', 'Comédie', 'David Yates', 'La famille Kim, pauvre et au chômage, vit d expédients dans un taudis en sous-sol. Un jour, le fils réussit, au moyen d un faux diplôme, à se faire embaucher pour donner des cours d anglais à la fille d une famille richissime. C’est le début d une succession d événements qui vont rapprocher les deux familles.', 'Song Kang-ho,Lee Sun-kyun,Cho Yeo-jeong,Jang Hye-jin,Choi Woo-shik,Park So-dam');
insert into films(nomFilm, categories, realisateur, synopsis, acteurs) values('Alice in borderlands', 'Action', 'Ridley Scott', 'Arisu, jeune homme apathique, sans emploi et obsédé par les jeux vidéo, se retrouve soudainement dans une étrange version vidée de Tokyo dans laquelle lui et ses amis doivent participer à des jeux dangereux pour survivre. Dans ce monde étrange, Arisu rencontre Usagi, une jeune femme seule enchainant les jeux. Ensemble, ils entreprennent de percer de nombreux mystères tout en risquant leur vie et en apprenant la signification de ce que c est de vivre.', 'Kento Yamazaki,Tao Tsuchiya');

-- INSERT 25 SUPPORTS
insert into supports(filmID, typeSup, dateExpiration) values(1, 'BluRay', null);
insert into supports(filmID, typeSup, dateExpiration) values(6, 'BluRay', null);
insert into supports(filmID, typeSup, dateExpiration) values(4, 'BluRay', null);
insert into supports(filmID, typeSup, dateExpiration) values(5, 'BluRay', null);
insert into supports(filmID, typeSup, dateExpiration) values(3, 'BluRay', null);
insert into supports(filmID, typeSup, dateExpiration) values(12, 'BluRay', null);
insert into supports(filmID, typeSup, dateExpiration) values(11, 'BluRay', null);
insert into supports(filmID, typeSup, dateExpiration) values(1, 'BluRay', null);
insert into supports(filmID, typeSup, dateExpiration) values(3, 'BluRay', null);
insert into supports(filmID, typeSup, dateExpiration) values(1, 'BluRay', null);
insert into supports(filmID, typeSup, dateExpiration) values(1, 'QRCode', '2022-08-11 04:15:29');
insert into supports(filmID, typeSup, dateExpiration) values(2, 'QRCode', '2022-08-11 04:15:29');
insert into supports(filmID, typeSup, dateExpiration) values(3, 'QRCode', '2022-08-11 04:15:29');
insert into supports(filmID, typeSup, dateExpiration) values(4, 'QRCode', '2022-08-11 04:15:29');
insert into supports(filmID, typeSup, dateExpiration) values(5, 'QRCode', '2022-08-11 04:15:29');
insert into supports(filmID, typeSup, dateExpiration) values(6, 'QRCode', '2022-08-11 04:15:29');
insert into supports(filmID, typeSup, dateExpiration) values(7, 'QRCode', '2022-08-11 04:15:29');
insert into supports(filmID, typeSup, dateExpiration) values(8, 'QRCode', '2022-08-11 04:15:29');
insert into supports(filmID, typeSup, dateExpiration) values(9, 'QRCode', '2022-08-11 04:15:29');
insert into supports(filmID, typeSup, dateExpiration) values(10, 'QRCode', '2022-08-11 04:15:29');
insert into supports(filmID, typeSup, dateExpiration) values(11, 'QRCode', '2022-08-11 04:15:29');
insert into supports(filmID, typeSup, dateExpiration) values(12, 'QRCode', '2022-08-11 04:15:29');
insert into supports(filmID, typeSup, dateExpiration) values(13, 'QRCode', '2022-08-11 04:15:29');
insert into supports(filmID, typeSup, dateExpiration) values(14, 'QRCode', '2022-08-11 04:15:29');
insert into supports(filmID, typeSup, dateExpiration) values(15, 'QRCode', '2022-08-11 04:15:29');

-- INSERT 11 ABONNES
insert into abonnes(nom, prenom, email, adresse, telephone, restrictions, solde, mdpHash) values('Bialiatski', 'Alès', 'ales@etu.univ-grenoble-alpes.fr', '39 RTE DE TURIN', '0435876371', null, 100, 417945231);
insert into abonnes(nom, prenom, email, adresse, telephone, restrictions, solde, mdpHash) values('Ressa', 'Maria', 'mariaredoubless@gmail.com', '13 PLACE DU 25 AOUT', '0216325913', null, 100, 979270029);
insert into abonnes(nom, prenom, email, adresse, telephone, restrictions, solde, mdpHash) values('Ahmed', 'Abiy', 'abiybi@gmail.com', '32 Rue DE GAULLE', '0548233950', null, 100, 890913175);
insert into abonnes(nom, prenom, email, adresse, telephone, restrictions, solde, mdpHash) values('Mukwege', 'Denis', 'denismukwege@gmail.com', '5 RUE GEORGES CLEMENCEAU', '0579674433', null, 100, 885994298);
insert into abonnes(nom, prenom, email, adresse, telephone, restrictions, solde, mdpHash) values('Manuel', 'Juan', 'juannauj@yahoo.fr', '3 PL GENERAL DE GAULLE', '0298711131', null, 100, 370595988);
insert into abonnes(nom, prenom, email, adresse, telephone, restrictions, solde, mdpHash) values('Murad', 'Nadia', 'nadia86@hotmail.fr', '13 R LAGANNE', '0502917765', 'Horreur,Action', 100, 667132136);
insert into abonnes(nom, prenom, email, adresse, telephone, restrictions, solde, mdpHash) values('Yousafzai', 'Malala', 'malalalalala@gmail.com', '22 BD GENERAL LECLERC', '0252856465', null, 100, 406849722);
insert into abonnes(nom, prenom, email, adresse, telephone, restrictions, solde, mdpHash) values('Satyarthi', 'Kailash', 'kailash.pro@gmail.com', '32 AV DE PAVIOT', '0139715833', null, 100, 789680010);
insert into abonnes(nom, prenom, email, adresse, telephone, restrictions, solde, mdpHash) values('Johnson', 'Ellen', 'ellenfree@free.fr', '200 RUE RENE VIELLE', '0442832552', null, 100, 109067127);
insert into abonnes(nom, prenom, email, adresse, telephone, restrictions, solde, mdpHash) values('Gbowee', 'Leymah', 'leymahGBOWEE@orange.fr', '22 LE BOURG', '0122604183', 'Comédie,Romance', 100, 915049999);
insert into abonnes(nom, prenom, email, adresse, telephone, restrictions, solde, mdpHash) values('Admin', 'Admin', 'admin', '3 RUE VICTOR HUGO', '0405658134', 'null', 100, 92668751);

-- INSERT 18 LOCATIONS
insert into locations(supportID, dateDebut, dateFin, abonneID, etat) values(1, '2022-08-11 04:15:29', '2022-08-14 18:25:24', 1, 'Inspection');
insert into locations(supportID, dateDebut, dateFin, abonneID, etat) values(3, '2022-10-13 16:35:28', null, 1, 'enCours');
insert into locations(supportID, dateDebut, dateFin, abonneID, etat) values(4, '2022-09-15 23:22:34', '2022-10-12 14:44:14', 1, 'Termine');
insert into locations(supportID, dateDebut, dateFin, abonneID, etat) values(2, '2022-08-18 20:46:58', '2022-08-19 21:22:23', 2, 'Termine');
insert into locations(supportID, dateDebut, dateFin, abonneID, etat) values(6, '2022-07-20 19:58:09', null, 3, 'enCours');
insert into locations(supportID, dateDebut, dateFin, abonneID, etat) values(7, '2022-10-27 05:49:23', '2022-10-29 12:22:46', 4, 'Termine');
insert into locations(supportID, dateDebut, dateFin, abonneID, etat) values(8, '2022-07-29 04:22:23', null, 5, 'enCours');
insert into locations(supportID, dateDebut, dateFin, abonneID, etat) values(9, '2022-10-03 02:34:23', '2022-10-12 23:22:57', 6, 'Inspection');
insert into locations(supportID, dateDebut, dateFin, abonneID, etat) values(10, '2022-10-09 09:20:08', '2022-10-12 21:22:08', 6, 'Termine');
insert into locations(supportID, dateDebut, dateFin, abonneID, etat) values(5, '2022-10-09 21:22:23', '2022-10-12 21:58:09', 7, 'Termine');
insert into locations(supportID, dateDebut, dateFin, abonneID, etat) values(11, '2022-05-12 9:33:18', '2022-05-12 21:33:18', 3, 'Termine');
insert into locations(supportID, dateDebut, dateFin, abonneID, etat) values(12, '2022-10-12 7:22:02', '2022-10-12 19:22:02', null, 'Termine');
insert into locations(supportID, dateDebut, dateFin, abonneID, etat) values(14, '2022-08-12 4:45:23', '2022-08-12 16:45:23', 7, 'Termine');
insert into locations(supportID, dateDebut, dateFin, abonneID, etat) values(13, '2022-10-12 21:22:23', '2022-10-13 9:22:23', null, 'Termine');
insert into locations(supportID, dateDebut, dateFin, abonneID, etat) values(15, '2022-10-14 16:22:44', '2022-10-15 4:22:44', null, 'Termine');
insert into locations(supportID, dateDebut, dateFin, abonneID, etat) values(8, '2022-10-14 16:22:44', null, 11, 'Termine');
insert into locations(supportID, dateDebut, dateFin, abonneID, etat) values(5, '2022-10-14 16:22:44', null, 11, 'Inspection');
insert into locations(supportID, dateDebut, dateFin, abonneID, etat) values(14, '2022-08-10 16:15:29', '2022-08-11 04:15:29', 11, 'enCours');

-- INSERT 10 DEMANDESAJOUTS
insert into demandesAjouts(abonneID, filmID) values(1, 13);
insert into demandesAjouts(abonneID, filmID) values(2, 14);
insert into demandesAjouts(abonneID, filmID) values(3, 15);
insert into demandesAjouts(abonneID, filmID) values(4, 13);
insert into demandesAjouts(abonneID, filmID) values(5, 13);
insert into demandesAjouts(abonneID, filmID) values(6, 13);
insert into demandesAjouts(abonneID, filmID) values(7, 14);
insert into demandesAjouts(abonneID, filmID) values(8, 15);
insert into demandesAjouts(abonneID, filmID) values(9, 8);
insert into demandesAjouts(abonneID, filmID) values(10, 9)


